﻿<?xml version="1.0" standalone="yes"?>
<table>
	<title>Consultation</title>
	<description>Consultation</description>
	<columns>
		<col DataField="VTL_CONSULTATION_ID" Type="Numeric" Unique="false" HeaderText="ID" PrimaryKey="true" Auto="true" />
		<col DataField="VTL_CONSULTATION_DT_CONSULTATION" Type="DateTime" Unique="false" HeaderText="Dt_consultation" NotNull="true" />
		<col DataField="VTL_CONSULTATION_MONTANT" Type="Numeric" Unique="false" HeaderText="Montant" Decimals="2" />
		<col DataField="VTL_CONSULTATION_COMMENTAIRE" Type="Text" Unique="false" HeaderText="Commentaire" />
		<col DataField="VTL_CONSULTATION_ID_VETERINAIRE" Type="Numeric" HeaderText="Id_veterinaire">
			<source Table="VTL_VETERINAIRE" TableAlias="T1" KeyField="VTL_VETERINAIRE_ID" LibField="VTL_VETERINAIRE_NOM" LibAlias="F1" Unique="false" />
		</col>
		<col DataField="VTL_CONSULTATION_L" Type="Numeric" HeaderText="Id_animal">
			<source Table="VTL_ANIMAL" TableAlias="T2" KeyField="VTL_ANIMAL_ID" LibField="VTL_ANIMAL_NOM" LibAlias="F2" Unique="false" />
		</col>
		<col DataField="VTL_CONSULTATION_ID_PROPRIETAIRE" Type="Numeric" HeaderText="Id_proprietaire">
			<source Table="VTL_PROPRIETAIRE" TableAlias="T3" KeyField="VTL_PROPRIETAIRE_ID" LibField="VTL_PROPRIETAIRE_NOM" LibAlias="F3" Unique="false" />
		</col>
	</columns>
</table>
